{"properties": [
  {
    "name": "spring.cloud.loadbalancer.ribbon",
    "type": "java.lang.String",
    "description": "A description for 'spring.cloud.loadbalancer.ribbon'"
  },
  {
    "name": "spring.cloud.gateway.discovery.locator.routes",
    "type": "java.lang.String",
    "description": "A description for 'spring.cloud.gateway.discovery.locator.routes'"
  },
  {
    "name": "spring.cloud.gateway.discovery.locator.-id",
    "type": "java.lang.String",
    "description": "A description for 'spring.cloud.gateway.discovery.locator.-id'"
  },
  {
    "name": "spring.cloud.gateway.discovery.locator.uri",
    "type": "java.lang.String",
    "description": "A description for 'spring.cloud.gateway.discovery.locator.uri'"
  }
]}